Tone,Message,City,Country,Date
High Five,"High five from Colombia! You are absolutely crushing your goals this month.",Bogota,Colombia,February 11, 2026
Big Hug,"Sending you all the good vibes. You've been such a support lately, and I can't thank you enough.",Paris,France,February 11, 2026
Big Hug,"Just reflecting on our friendship today. You're a rare gem, and I'm lucky to know you.",Istanbul,Turkey,February 11, 2026
High Five,"Boom! Another milestone reached. You're making it look easy!",Auckland,New Zealand,February 11, 2026
Ray of Sunshine,"Just a quick note to make you smile. You're doing great things!",Athens,Greece,February 11, 2026
Coffee Break,"Appreciate the quick response despite the time zone difference. You're a lifesaver!",Tokyo,Japan,February 11, 2026
Ray of Sunshine,"Sending happy thoughts across the ocean. Stay awesome!",Singapore,Singapore,February 11, 2026
Coffee Break,"Great working with a pro like you. Let's grab a virtual coffee soon to celebrate the progress.",Manila,Philippines,February 11, 2026
Big Hug,"Sending a warm hug from New York City. Even with the winter chill here, thinking of you keeps my heart toasty.",New York City,USA,February 11, 2026
High Five,"The energy of the Winter Olympics is in the air, but your recent win is what I'm cheering for!",Rome,Italy,February 11, 2026
Coffee Break,"Thank you for the seamless collaboration. Professional greetings from Berlin!",Berlin,Germany,February 11, 2026
Ray of Sunshine,"Hope your morning in Egypt is as bright and cheerful as your personality!",Cairo,Egypt,February 11, 2026
High Five,"Happy International Day of Women and Girls in Science! High five to you for being such an innovator.",London,UK,February 11, 2026
Big Hug,"Happy Lunar New Year season! Grateful to have you in my life as we enter this Year of the Horse.",Seoul,South Korea,February 11, 2026
Ray of Sunshine,"Sending some summer sunshine from Sydney!",Sydney,Australia,February 11, 2026
Coffee Break,"I truly appreciate your strategic insight on our call today. It's a pleasure working with you.",Toronto,Canada,February 11, 2026
Big Hug,"You are the family I chose. Sending so much love from Brazil today.",Rio de Janeiro,Brazil,February 11, 2026
High Five,"Sending a virtual fist bump from Lagos. You're a total legend in my book.",Lagos,Nigeria,February 11, 2026
Ray of Sunshine,"Just 'dropping by' with a smile. India is a little brighter because you're in it.",Mumbai,India,February 11, 2026
Coffee Break,"Thanks for your leadership. Hope you're having a productive week in Mexico!",Mexico City,Mexico,February 11, 2026
Big Hug,"Distance means so little when someone means so much. Thinking of you from Cape Town!",Cape Town,South Africa,February 11, 2026
High Five,"You're a rockstar! Thanks for the inspiration you provide every single day.",Dubai,UAE,February 11, 2026
Ray of Sunshine,"A little sunshine for your inbox! Hope something wonderful happens to you today.",Madrid,Spain,February 11, 2026
Coffee Break,"Thank you for the mentorship. Your perspective is helping me grow immensely.",Amsterdam,Netherlands,February 11, 2026
Big Hug,"A 'Daily Hug' across the miles! Hope you can feel the appreciation I'm sending your way.",Bangkok,Thailand,February 11, 2026
High Five,"Keep that momentum going! The Year of the Horse is definitely your year.",Jakarta,Indonesia,February 11, 2026
Ray of Sunshine,"You've got that special spark. Never let anyone dull it!",Dublin,Ireland,February 11, 2026
Coffee Break,"Efficient, kind, and brilliant—thanks for being the best kind of colleague.",Vienna,Austria,February 11, 2026
Big Hug,"To my favorite person: thank you for being the kind, wonderful soul you are.",Santiago,Chile,February 11, 2026
High Five,"High five for being an incredible human being. Norway needs more people like you!",Oslo,Norway,February 11, 2026
Ray of Sunshine,"Cheers to a beautiful Wednesday! Hope your coffee is perfect and your day is easy.",Helsinki,Finland,February 11, 2026
Coffee Break,"Cheers from Warsaw! Your dedication to the team's success is truly inspiring.",Warsaw,Poland,February 11, 2026
Big Hug,"The stars look beautiful tonight in Lisbon, but they don't shine as bright as you do.",Lisbon,Portugal,February 11, 2026
High Five,"You smashed it! Just wanted to send some hype your way from across the globe.",Prague,Czech Republic,February 11, 2026
Ray of Sunshine,"You're a ray of light in my life. Thanks for always bringing the good vibes.",Brussels,Belgium,February 11, 2026
Coffee Break,"Thanks for the clear communication. It makes global teamwork so much easier.",Zurich,Switzerland,February 11, 2026
Big Hug,"Thinking of you from Montreal! Between the Olympic excitement and the cold air, I’m just so grateful for your warmth.",Montreal,Canada,February 11, 2026
High Five,"Great job on the recent project. You're a powerhouse!",New York City,USA,February 11, 2026
Ray of Sunshine,"Just a quick note to make you smile. You're doing great things!",Paris,France,February 11, 2026
Coffee Break,"I appreciate your hard work on this launch. We couldn't have done it without you.",London,UK,February 11, 2026
Big Hug,"In a world that moves so fast, I'm glad I can always slow down and talk to you. Big hugs!",Tokyo,Japan,February 11, 2026
High Five,"High five from Sydney! You are absolutely crushing your goals this month.",Sydney,Australia,February 11, 2026
Ray of Sunshine,"Sending some summer sunshine from Rio de Janeiro!",Rio de Janeiro,Brazil,February 11, 2026
Coffee Break,"Thank you for the seamless collaboration. Professional greetings from Berlin!",Berlin,Germany,February 11, 2026
Big Hug,"Sending a warm hug from Seoul. Hope you can feel the appreciation I'm sending your way.",Seoul,South Korea,February 11, 2026
High Five,"Happy International Day of Women and Girls in Science! High five to you!",Mexico City,Mexico,February 11, 2026
Ray of Sunshine,"Hope your morning in Lagos is as bright and cheerful as your personality!",Lagos,Nigeria,February 11, 2026
Coffee Break,"I truly appreciate your strategic insight on our call today.",Mumbai,India,February 11, 2026
Big Hug,"Happy Lunar New Year season! Grateful to have you in my life.",Toronto,Canada,February 11, 2026
High Five,"Boom! Another milestone reached. You're making it look easy!",Cairo,Egypt,February 11, 2026
Ray of Sunshine,"Just a quick note to make you smile. You're doing great things!",Rome,Italy,February 11, 2026
High Five,"High five for being an incredible human being. The world needs more people like you!",Stockholm,Sweden,February 11, 2026
Coffee Break,"Appreciate the quick response despite the time zone difference. You're a lifesaver!",Dubai,UAE,February 11, 2026
Big Hug,"You are the family I chose. Sending so much love from Spain today.",Madrid,Spain,February 11, 2026
Ray of Sunshine,"Cheers to a beautiful Wednesday! Hope your coffee is perfect and your day is easy.",Amsterdam,Netherlands,February 11, 2026
Coffee Break,"Efficient, kind, and brilliant—thanks for being the best kind of colleague.",Singapore,Singapore,February 11, 2026
Big Hug,"To my favorite person: thank you for being the kind, wonderful soul you are.",Bangkok,Thailand,February 11, 2026
High Five,"You smashed it! Just wanted to send some hype your way from across the globe.",Buenos Aires,Argentina,February 11, 2026
Ray of Sunshine,"You're a ray of light in my life. Thanks for always bringing the good vibes.",Nairobi,Kenya,February 11, 2026
Coffee Break,"Thanks for the clear communication. It makes global teamwork so much easier.",Istanbul,Turkey,February 11, 2026
Big Hug,"Thinking of you from Jakarta! Just wanted to let you know you're appreciated.",Jakarta,Indonesia,February 11, 2026
High Five,"Great job on the recent project. You're a powerhouse!",Dublin,Ireland,February 11, 2026
Ray of Sunshine,"Just a quick note to make you smile. You're doing great things!",Vienna,Austria,February 11, 2026
Coffee Break,"I appreciate your hard work on this launch. We couldn't have done it without you.",Auckland,New Zealand,February 11, 2026
Big Hug,"In a world that moves so fast, I'm glad I can always slow down and talk to you.",Santiago,Chile,February 11, 2026
High Five,"High five from Helsinki! You are absolutely crushing your goals this month.",Helsinki,Finland,February 11, 2026
Ray of Sunshine,"Sending some winter sunshine from Warsaw!",Warsaw,Poland,February 11, 2026
Coffee Break,"Thank you for the seamless collaboration. Professional greetings from Lisbon!",Lisbon,Portugal,February 11, 2026
Big Hug,"Sending a warm hug from Athens. Hope you can feel the appreciation I'm sending.",Athens,Greece,February 11, 2026
High Five,"Happy International Day of Women and Girls in Science! High five to you!",Bogota,Colombia,February 11, 2026
Ray of Sunshine,"Hope your morning in Prague is as bright and cheerful as your personality!",Prague,Czech Republic,February 11, 2026
Coffee Break,"I truly appreciate your strategic insight on our call today.",Brussels,Belgium,February 11, 2026
Big Hug,"Happy Lunar New Year season! Grateful to have you in my life.",Zurich,Switzerland,February 11, 2026
High Five,"Boom! Another milestone reached. You're making it look easy!",Montreal,Canada,February 11, 2026
Ray of Sunshine,"Thinking of you and sending a burst of positivity! Have a magical day.",Tokyo,Japan,February 11, 2026
High Five,"You're a rockstar! Thanks for the inspiration you provide every single day.",London,UK,February 11, 2026
Coffee Break,"Thanks for your leadership. Hope you're having a productive week in France!",Paris,France,February 11, 2026
Big Hug,"Distance means so little when someone means so much. Thinking of you from Sydney!",Sydney,Australia,February 11, 2026
Ray of Sunshine,"A little sunshine for your inbox! Hope something wonderful happens to you today.",New York City,USA,February 11, 2026
Coffee Break,"Thank you for the mentorship. Your perspective is helping me grow immensely.",Rio de Janeiro,Brazil,February 11, 2026
Big Hug,"A 'Daily Hug' across the miles! Hope you can feel the appreciation.",Lagos,Nigeria,February 11, 2026
High Five,"Keep that momentum going! The Year of the Horse is definitely your year.",Mumbai,India,February 11, 2026
Ray of Sunshine,"You've got that special spark. Never let anyone dull it!",Toronto,Canada,February 11, 2026
Coffee Break,"Cheers from Berlin! Your dedication to the team's success is truly inspiring.",Berlin,Germany,February 11, 2026
Big Hug,"The stars look beautiful tonight in Mexico City, but they don't shine as bright as you.",Mexico City,Mexico,February 11, 2026
High Five,"You smashed it! Just wanted to send some hype your way from Seoul.",Seoul,South Korea,February 11, 2026
Ray of Sunshine,"You're a ray of light in my life. Thanks for always bringing the good vibes.",Cairo,Egypt,February 11, 2026
Coffee Break,"Thanks for the clear communication. Professional greetings from Cape Town.",Cape Town,South Africa,February 11, 2026
Big Hug,"Thinking of you from Dubai! Just wanted to let you know you're appreciated.",Dubai,UAE,February 11, 2026
High Five,"Great job on the recent project. You're a powerhouse!",Singapore,Singapore,February 11, 2026
Ray of Sunshine,"Just a quick note to make you smile. You're doing great things!",Rome,Italy,February 11, 2026
Coffee Break,"I appreciate your hard work on this launch. We couldn't have done it.",Madrid,Spain,February 11, 2026
Big Hug,"In a world that moves so fast, I'm glad I can always talk to you.",Bangkok,Thailand,February 11, 2026
High Five,"High five from Buenos Aires! You are absolutely crushing your goals.",Buenos Aires,Argentina,February 11, 2026
Ray of Sunshine,"Sending some summer sunshine from Sydney!",Sydney,Australia,February 11, 2026
Coffee Break,"Thank you for the seamless collaboration. Greetings from Stockholm!",Stockholm,Sweden,February 11, 2026
Big Hug,"Sending a warm hug from Amsterdam. You're a rare gem.",Amsterdam,Netherlands,February 11, 2026
High Five,"Happy International Day of Women and Girls in Science! You're a star!",Nairobi,Kenya,February 11, 2026
Ray of Sunshine,"Hope your morning in Istanbul is as bright as your personality!",Istanbul,Turkey,February 11, 2026
Coffee Break,"I truly appreciate your strategic insight on our call today.",Jakarta,Indonesia,February 11, 2026
Big Hug,"Distance means so little when someone means so much. Thinking of you from Manila!",Manila,Philippines,February 11, 2026
High Five,"Boom! Another milestone reached. You're making it look easy!",Dublin,Ireland,February 11, 2026
Ray of Sunshine,"You've got that special spark. Never let anyone dull it!",Vienna,Austria,February 11, 2026
Coffee Break,"Efficient, kind, and brilliant—thanks for being the best kind of colleague.",Auckland,New Zealand,February 11, 2026
Big Hug,"The stars look beautiful tonight in Santiago, but they don't shine as bright as you.",Santiago,Chile,February 11, 2026
High Five,"High five from Oslo! You are absolutely crushing your goals this month.",Oslo,Norway,February 11, 2026
Ray of Sunshine,"Just a quick note to make you smile. You're doing great things!",Helsinki,Finland,February 11, 2026
Coffee Break,"I appreciate your hard work on this launch. We couldn't have done it without you.",Warsaw,Poland,February 11, 2026
Big Hug,"Sending a warm hug from Lisbon. Hope you can feel the appreciation.",Lisbon,Portugal,February 11, 2026
High Five,"Happy International Day of Women and Girls in Science! High five to you!",Athens,Greece,February 11, 2026
Ray of Sunshine,"Hope your morning in Bogota is as bright and cheerful as your personality!",Bogota,Colombia,February 11, 2026
Coffee Break,"I truly appreciate your strategic insight on our call today.",Prague,Czech Republic,February 11, 2026
Big Hug,"Happy Lunar New Year season! Grateful to have you in my life.",Brussels,Belgium,February 11, 2026
High Five,"Boom! Another milestone reached. You're making it look easy!",Zurich,Switzerland,February 11, 2026
Ray of Sunshine,"Thinking of you and sending a burst of positivity! Have a magical day.",Montreal,Canada,February 11, 2026
High Five,"You're a rockstar! Thanks for the inspiration you provide every single day.",Tokyo,Japan,February 11, 2026
Coffee Break,"Thanks for your leadership. Hope you're having a productive week in London!",London,UK,February 11, 2026
Big Hug,"Distance means so little when someone means so much. Thinking of you from Paris!",Paris,France,February 11, 2026
Ray of Sunshine,"A little sunshine for your inbox! Hope something wonderful happens to you today.",Sydney,Australia,February 11, 2026
Coffee Break,"Thank you for the mentorship. Your perspective is helping me grow immensely.",New York City,USA,February 11, 2026
Big Hug,"A 'Daily Hug' across the miles! Hope you can feel the appreciation.",Rio de Janeiro,Brazil,February 11, 2026
High Five,"Keep that momentum going! The Year of the Horse is definitely your year.",Lagos,Nigeria,February 11, 2026
Ray of Sunshine,"You've got that special spark. Never let anyone dull it!",Mumbai,India,February 11, 2026
Coffee Break,"Cheers from Toronto! Your dedication to the team's success is truly inspiring.",Toronto,Canada,February 11, 2026
Big Hug,"The stars look beautiful tonight in Berlin, but they don't shine as bright as you.",Berlin,Germany,February 11, 2026
High Five,"You smashed it! Just wanted to send some hype your way from Mexico City.",Mexico City,Mexico,February 11, 2026
Ray of Sunshine,"You're a ray of light in my life. Thanks for always bringing the good vibes.",Seoul,South Korea,February 11, 2026
Coffee Break,"Thanks for the clear communication. Professional greetings from Cairo.",Cairo,Egypt,February 11, 2026
Big Hug,"Thinking of you from Cape Town! Just wanted to let you know you're appreciated.",Cape Town,South Africa,February 11, 2026
High Five,"Great job on the recent project. You're a powerhouse!",Dubai,UAE,February 11, 2026
Ray of Sunshine,"Just a quick note to make you smile. You're doing great things!",Singapore,Singapore,February 11, 2026
Coffee Break,"I appreciate your hard work on this launch. We couldn't have done it.",Rome,Italy,February 11, 2026
Big Hug,"In a world that moves so fast, I'm glad I can always talk to you.",Madrid,Spain,February 11, 2026
High Five,"High five from Bangkok! You are absolutely crushing your goals.",Bangkok,Thailand,February 11, 2026
Ray of Sunshine,"Sending some summer sunshine from Buenos Aires!",Buenos Aires,Argentina,February 11, 2026
Coffee Break,"Thank you for the seamless collaboration. Greetings from Stockholm!",Stockholm,Sweden,February 11, 2026
Big Hug,"Sending a warm hug from Amsterdam. You're a rare gem.",Amsterdam,Netherlands,February 11, 2026
High Five,"Happy International Day of Women and Girls in Science! You're a star!",Nairobi,Kenya,February 11, 2026
Ray of Sunshine,"Hope your morning in Istanbul is as bright as your personality!",Istanbul,Turkey,February 11, 2026
Coffee Break,"I truly appreciate your strategic insight on our call today.",Jakarta,Indonesia,February 11, 2026
Big Hug,"To my favorite person: thank you for being the kind, wonderful soul you are.",Manila,Philippines,February 11, 2026
High Five,"You smashed it! Just wanted to send some hype your way from Dublin.",Dublin,Ireland,February 11, 2026
Ray of Sunshine,"You're a ray of light in my life. Thanks for always bringing the good vibes.",Vienna,Austria,February 11, 2026
Coffee Break,"Thanks for the clear communication. Professional greetings from Auckland.",Auckland,New Zealand,February 11, 2026
Big Hug,"Thinking of you from Helsinki! Just wanted to let you know you're appreciated.",Helsinki,Finland,February 11, 2026
High Five,"Great job on the recent project. You're a powerhouse!",Warsaw,Poland,February 11, 2026
Ray of Sunshine,"Just a quick note to make you smile. You're doing great things!",Lisbon,Portugal,February 11, 2026
Coffee Break,"I appreciate your hard work on this launch. We couldn't have done it.",Athens,Greece,February 11, 2026
Big Hug,"In a world that moves so fast, I'm glad I can always talk to you.",Bogota,Colombia,February 11, 2026
High Five,"High five from Prague! You are absolutely crushing your goals.",Prague,Czech Republic,February 11, 2026
Ray of Sunshine,"Sending some winter sunshine from Brussels! Stay awesome!",Brussels,Belgium,February 11, 2026
Coffee Break,"Thank you for the seamless collaboration. Greetings from Zurich!",Zurich,Switzerland,February 11, 2026
Big Hug,"Sending a warm hug from Montreal. You're a rare gem.",Montreal,Canada,February 11, 2026
High Five,"Happy International Day of Women and Girls in Science! You're a star!",Tokyo,Japan,February 11, 2026
Ray of Sunshine,"Hope your morning in London is as bright as your personality!",London,UK,February 11, 2026
Coffee Break,"I truly appreciate your strategic insight on our call today.",Paris,France,February 11, 2026
Big Hug,"To my favorite person: thank you for being the kind, wonderful soul you are.",Sydney,Australia,February 11, 2026
High Five,"You smashed it! Just wanted to send some hype your way from New York.",New York City,USA,February 11, 2026
Ray of Sunshine,"You're a ray of light in my life. Thanks for always bringing the good vibes.",Rio de Janeiro,Brazil,February 11, 2026
Coffee Break,"Thanks for the clear communication. Professional greetings from Lagos.",Lagos,Nigeria,February 11, 2026
Big Hug,"Thinking of you from Mumbai! Just wanted to let you know you're appreciated.",Mumbai,India,February 11, 2026
High Five,"Great job on the recent project. You're a powerhouse!",Toronto,Canada,February 11, 2026
Ray of Sunshine,"Just a quick note to make you smile. You're doing great things!",Berlin,Germany,February 11, 2026
Coffee Break,"I appreciate your hard work on this launch. We couldn't have done it.",Mexico City,Mexico,February 11, 2026
Big Hug,"In a world that moves so fast, I'm glad I can always talk to you.",Seoul,South Korea,February 11, 2026
High Five,"High five from Cairo! You are absolutely crushing your goals.",Cairo,Egypt,February 11, 2026
Ray of Sunshine,"Sending some summer sunshine from Cape Town!",Cape Town,South Africa,February 11, 2026
Coffee Break,"Thank you for the seamless collaboration. Greetings from Dubai!",Dubai,UAE,February 11, 2026
Big Hug,"Sending a warm hug from Singapore. You're a rare gem.",Singapore,Singapore,February 11, 2026
High Five,"Happy International Day of Women and Girls in Science! You're a star!",Rome,Italy,February 11, 2026
Ray of Sunshine,"Hope your morning in Madrid is as bright as your personality!",Madrid,Spain,February 11, 2026
Coffee Break,"I truly appreciate your strategic insight on our call today.",Bangkok,Thailand,February 11, 2026
Big Hug,"To my favorite person: thank you for being the kind, wonderful soul you are.",Buenos Aires,Argentina,February 11, 2026
High Five,"You smashed it! Just wanted to send some hype your way from Stockholm.",Stockholm,Sweden,February 11, 2026
Ray of Sunshine,"You're a ray of light in my life. Thanks for always bringing the good vibes.",Amsterdam,Netherlands,February 11, 2026
Coffee Break,"Thanks for the clear communication. Professional greetings from Nairobi.",Nairobi,Kenya,February 11, 2026
Big Hug,"Thinking of you from Istanbul! Just wanted to let you know you're appreciated.",Istanbul,Turkey,February 11, 2026
High Five,"Great job on the recent project. You're a powerhouse!",Jakarta,Indonesia,February 11, 2026
Ray of Sunshine,"Just a quick note to make you smile. You're doing great things!",Manila,Philippines,February 11, 2026
Coffee Break,"I appreciate your hard work on this launch. We couldn't have done it.",Dublin,Ireland,February 11, 2026
Big Hug,"In a world that moves so fast, I'm glad I can always talk to you.",Vienna,Austria,February 11, 2026
High Five,"High five from Auckland! You are absolutely crushing your goals.",Auckland,New Zealand,February 11, 2026
Ray of Sunshine,"Sending some summer sunshine from Santiago!",Santiago,Chile,February 11, 2026
Coffee Break,"Thank you for the seamless collaboration. Greetings from Oslo!",Oslo,Norway,February 11, 2026
Big Hug,"Sending a warm hug from Helsinki. You're a rare gem.",Helsinki,Finland,February 11, 2026
High Five,"Happy International Day of Women and Girls in Science! You're a star!",Warsaw,Poland,February 11, 2026
Ray of Sunshine,"Hope your morning in Lisbon is as bright as your personality!",Lisbon,Portugal,February 11, 2026
Coffee Break,"I truly appreciate your strategic insight on our call today.",Athens,Greece,February 11, 2026
Big Hug,"To my favorite person: thank you for being the kind, wonderful soul you are.",Bogota,Colombia,February 11, 2026
High Five,"You smashed it! Just wanted to send some hype your way from Prague.",Prague,Czech Republic,February 11, 2026
Ray of Sunshine,"You're a ray of light in my life. Thanks for always bringing the good vibes.",Brussels,Belgium,February 11, 2026
Coffee Break,"Thanks for the clear communication. Professional greetings from Zurich.",Zurich,Switzerland,February 11, 2026
Big Hug,"Thinking of you from Montreal! Just wanted to let you know you're appreciated.",Montreal,Canada,February 11, 2026
High Five,"Great job on the recent project. You're a powerhouse!",New York City,USA,February 11, 2026
Ray of Sunshine,"Just a quick note to make you smile. You're doing great things!",Paris,France,February 11, 2026
Coffee Break,"I appreciate your hard work on this launch. We couldn't have done it.",London,UK,February 11, 2026
Big Hug,"In a world that moves so fast, I'm glad I can always talk to you.",Tokyo,Japan,February 11, 2026
High Five,"High five from Sydney! You are absolutely crushing your goals.",Sydney,Australia,February 11, 2026
Ray of Sunshine,"Sending some summer sunshine from Rio de Janeiro!",Rio de Janeiro,Brazil,February 11, 2026
