Tone,Message,City,State,Date
Big Hug,Just a heartfelt thank you for being you. You're truly one of a kind.,Hartford,Connecticut,"February 9, 2026"
Coffee Break,Thanks for staying on top of the details. Your diligence doesn't go unnoticed.,Seattle,Washington,"February 9, 2026"
High Five,You absolutely crushed that presentation. High five from Iowa!,Des Moines,Iowa,"February 9, 2026"
Big Hug,"Thinking of you and sending a big, warm hug. Hope you're having a beautiful Monday.",Wilmington,Delaware,"February 9, 2026"
High Five,You're on fire lately! Keep that same energy all through February.,Sioux Falls,South Dakota,"February 9, 2026"
Big Hug,Just a heartfelt thank you for being you. You're truly one of a kind.,Denver,Colorado,"February 9, 2026"
Coffee Break,I appreciate the positive attitude you bring to the office every day.,Phoenix,Arizona,"February 9, 2026"
High Five,High five for always keeping it real. You're the best.,Minneapolis,Minnesota,"February 9, 2026"
Ray of Sunshine,Hope your day is filled with little joys and big smiles.,Portland,Oregon,"February 9, 2026"
Big Hug,Feeling so grateful for your presence. You make every day feel a bit brighter.,Baltimore,Maryland,"February 9, 2026"
Big Hug,You're such a special person. Thanks for always knowing exactly what to say.,Oklahoma City,Oklahoma,"February 9, 2026"
Coffee Break,Just a quick note of appreciation for your professionalism and hard work.,Hartford,Connecticut,"February 9, 2026"
Ray of Sunshine,Sending a quick burst of positivity your way! You've got this!,Des Moines,Iowa,"February 9, 2026"
Ray of Sunshine,Just a little note to say you're awesome. Keep being you!,Miami,Florida,"February 9, 2026"
Ray of Sunshine,Sending happy thoughts and warm wishes your way!,Charlotte,North Carolina,"February 9, 2026"
Coffee Break,I really appreciate your insights during our meeting. Hope you're staying warm in New York!,New York City,New York,"February 9, 2026"
Coffee Break,Thanks for the quick turnaround on that report. You're making this quarter look easy.,Montgomery,Alabama,"February 9, 2026"
Coffee Break,Thank you for the smooth handoff. You've made my job much easier!,Boston,Massachusetts,"February 9, 2026"
Big Hug,So lucky to have you in my corner. Sending so much love from Montana.,Billings,Montana,"February 9, 2026"
Big Hug,You're such a special person. Thanks for always knowing exactly what to say.,Wilmington,Delaware,"February 9, 2026"
Ray of Sunshine,Just thinking of you and sending a virtual bouquet of flowers!,Charlotte,North Carolina,"February 9, 2026"
Coffee Break,Happy Monday from Honolulu. Just wanted to send a professional 'thank you' for your collaboration last week.,Honolulu,Hawaii,"February 9, 2026"
High Five,You rocked it today! Can't wait to see what you do next.,Richmond,Virginia,"February 9, 2026"
Ray of Sunshine,Sending a big smile from Alabama! Hope you're having the best day.,Montgomery,Alabama,"February 9, 2026"
Big Hug,Sending love from West Virginia. I was just reflecting on how much you've supported me lately. Thank you.,Charleston,West Virginia,"February 9, 2026"
High Five,You absolutely crushed that presentation. High five from Washington!,Seattle,Washington,"February 9, 2026"
High Five,You're crushing your goals this year. So hyped for you!,Los Angeles,California,"February 9, 2026"
Ray of Sunshine,Just a little sunshine to start your week. You're amazing!,Los Angeles,California,"February 9, 2026"
Big Hug,Grateful for the way you show up for the people you love. You're an inspiration.,Manchester,New Hampshire,"February 9, 2026"
Ray of Sunshine,Sending a little sunshine your way to beat the Monday blues. Have a great one!,Louisville,Kentucky,"February 9, 2026"
Big Hug,Grateful for the way you show up for the people you love. You're an inspiration.,Minneapolis,Minnesota,"February 9, 2026"
Coffee Break,Thank you for the smooth handoff. You've made my job much easier!,Milwaukee,Wisconsin,"February 9, 2026"
Big Hug,Thinking of our last chat. You have such a beautiful soul.,Boise,Idaho,"February 9, 2026"
High Five,You're crushing your goals this year. So hyped for you!,Houston,Texas,"February 9, 2026"
Big Hug,Sending love from Arkansas. I was just reflecting on how much you've supported me lately. Thank you.,Little Rock,Arkansas,"February 9, 2026"
High Five,High five for being a top-tier human. Philadelphia is lucky to have you!,Philadelphia,Pennsylvania,"February 9, 2026"
High Five,You're a champ! Thanks for always bringing the best vibes.,Richmond,Virginia,"February 9, 2026"
Coffee Break,Happy Monday from Burlington. Just wanted to send a professional 'thank you' for your collaboration last week.,Burlington,Vermont,"February 9, 2026"
Big Hug,Grateful for the way you show up for the people you love. You're an inspiration.,Indianapolis,Indiana,"February 9, 2026"
Ray of Sunshine,You're a ray of sunshine! Thanks for always making me smile.,Sioux Falls,South Dakota,"February 9, 2026"
Ray of Sunshine,Hope your day is as sweet as a Valentine's chocolate!,Omaha,Nebraska,"February 9, 2026"
Ray of Sunshine,Sending a bit of sparkle from Columbus! Have a magical day.,Columbus,Ohio,"February 9, 2026"
Ray of Sunshine,You're the best! Hope this little note brings a smile to your face.,Denver,Colorado,"February 9, 2026"
Coffee Break,Appreciate the mentorship lately. It's making a big difference in my workflow.,Las Vegas,Nevada,"February 9, 2026"
Coffee Break,Thanks for the excellent work. You're setting a high bar for the rest of us!,Fargo,North Dakota,"February 9, 2026"
Ray of Sunshine,Just wanted to drop a little happiness in your day. Thank you!,Indianapolis,Indiana,"February 9, 2026"
Coffee Break,Great job on the launch! Thanks for all the extra hours you put in.,Chicago,Illinois,"February 9, 2026"
Big Hug,You're such a special person. Thanks for always knowing exactly what to say.,Portland,Oregon,"February 9, 2026"
Big Hug,Thinking of our last chat. You have such a beautiful soul.,Salt Lake City,Utah,"February 9, 2026"
Ray of Sunshine,Sending a big smile from Rhode Island! Hope you're having the best day.,Providence,Rhode Island,"February 9, 2026"
Ray of Sunshine,Sending a little sunshine your way to beat the Monday blues. Have a great one!,Salt Lake City,Utah,"February 9, 2026"
Coffee Break,Great working with you. Hope you have a productive week ahead!,Fargo,North Dakota,"February 9, 2026"
Big Hug,Sending warmth from Omaha to wherever you are. You're always in my heart.,Omaha,Nebraska,"February 9, 2026"
Ray of Sunshine,Sending good vibes from Rhode Island! Hope your coffee is hot and your day is easy.,Providence,Rhode Island,"February 9, 2026"
Ray of Sunshine,Just a little 'hello' to let you know you're appreciated.,Newark,New Jersey,"February 9, 2026"
Ray of Sunshine,Just a quick 'thinking of you'! Hope your day is simply lovely.,Cheyenne,Wyoming,"February 9, 2026"
High Five,You're the GOAT! Thanks for being such a great teammate.,Cheyenne,Wyoming,"February 9, 2026"
Ray of Sunshine,Just a quick 'thinking of you'! Hope your day is simply lovely.,Wichita,Kansas,"February 9, 2026"
Coffee Break,Happy Monday from Louisville. Just wanted to send a professional 'thank you' for your collaboration last week.,Louisville,Kentucky,"February 9, 2026"
Coffee Break,Thanks for leading the way on this initiative. Your expertise is invaluable.,Miami,Florida,"February 9, 2026"
High Five,Virtual high five! You're making it look easy.,Milwaukee,Wisconsin,"February 9, 2026"
High Five,High five for always keeping it real. You're the best.,Detroit,Michigan,"February 9, 2026"
Coffee Break,Just a quick note of appreciation for your professionalism and hard work.,New York City,New York,"February 9, 2026"
Coffee Break,Just a quick thanks for your help with the troubleshooting. Lifesaver!,Little Rock,Arkansas,"February 9, 2026"
Coffee Break,Thank you for the thoughtful feedback. It was exactly what I needed to hear.,St. Louis,Missouri,"February 9, 2026"
Big Hug,Sending a warm embrace from Burlington. You're never far from my thoughts.,Burlington,Vermont,"February 9, 2026"
High Five,You're the GOAT! Thanks for being such a great teammate.,New Orleans,Louisiana,"February 9, 2026"
High Five,Watching the Olympic athletes today and thought of you—your drive is just as impressive!,Manchester,New Hampshire,"February 9, 2026"
Coffee Break,Appreciate your dedication to the team. You're a vital part of our success.,Columbus,Ohio,"February 9, 2026"
Big Hug,Thinking of our last chat. You have such a beautiful soul.,Billings,Montana,"February 9, 2026"
Big Hug,Grateful for the way you show up for the people you love. You're an inspiration.,Newark,New Jersey,"February 9, 2026"
High Five,High five from Louisiana! Let's keep this momentum going.,New Orleans,Louisiana,"February 9, 2026"
High Five,Shoutout for being an absolute boss. Keep shining!,Nashville,Tennessee,"February 9, 2026"
Coffee Break,Appreciate your dedication to the team. You're a vital part of our success.,Honolulu,Hawaii,"February 9, 2026"
Coffee Break,Thanks for the clear communication. It makes a world of difference.,St. Louis,Missouri,"February 9, 2026"
High Five,You absolutely crushed that presentation. High five from Massachusetts!,Boston,Massachusetts,"February 9, 2026"
Ray of Sunshine,Hope your day is filled with little joys and big smiles.,Oklahoma City,Oklahoma,"February 9, 2026"
Ray of Sunshine,Sending a bit of sparkle from Las Vegas! Have a magical day.,Las Vegas,Nevada,"February 9, 2026"
High Five,Sending a virtual high five from Phoenix. You're a total rockstar!,Phoenix,Arizona,"February 9, 2026"
Big Hug,So lucky to have you in my corner. Sending so much love from Alaska.,Anchorage,Alaska,"February 9, 2026"
Coffee Break,Thank you for your patience and guidance. It's much appreciated.,Jackson,Mississippi,"February 9, 2026"
High Five,Killed it! Just wanted to shout you out for being awesome.,Detroit,Michigan,"February 9, 2026"
Ray of Sunshine,Sending good vibes from Maine! Hope your coffee is hot and your day is easy.,Portland,Maine,"February 9, 2026"
Big Hug,Just a heartfelt thank you for being you. You're truly one of a kind.,Albuquerque,New Mexico,"February 9, 2026"
Coffee Break,Thanks for the clear communication. It makes a world of difference.,Albuquerque,New Mexico,"February 9, 2026"
Coffee Break,Thanks for staying on top of the details. Your diligence doesn't go unnoticed.,Baltimore,Maryland,"February 9, 2026"
High Five,Sending a massive high five! You're doing big things.,Washington,DC,"February 9, 2026"
Coffee Break,Great job on the launch! Thanks for all the extra hours you put in.,Jackson,Mississippi,"February 9, 2026"
Big Hug,You make the world a better place just by being in it. Thank you.,Washington,DC,"February 9, 2026"
High Five,You're a champ! Thanks for always bringing the best vibes.,Boise,Idaho,"February 9, 2026"
Big Hug,Sending a warm embrace from Wichita. You're never far from my thoughts.,Wichita,Kansas,"February 9, 2026"
Ray of Sunshine,You make the world a little brighter just by being in it. Thanks!,Charleston,South Carolina,"February 9, 2026"
Ray of Sunshine,Just a quick 'thinking of you'! Hope your day is simply lovely.,Atlanta,Georgia,"February 9, 2026"
High Five,Way to go! Your hard work is totally paying off.,Nashville,Tennessee,"February 9, 2026"
High Five,Killed it! Just wanted to shout you out for being awesome.,Philadelphia,Pennsylvania,"February 9, 2026"
Big Hug,Just wanted to say thanks for being there. Your kindness is a constant comfort.,Chicago,Illinois,"February 9, 2026"
Ray of Sunshine,You make the world a little brighter just by being in it. Thanks!,Charleston,West Virginia,"February 9, 2026"
High Five,Watching the Olympic athletes today and thought of you—your drive is just as impressive!,Charleston,South Carolina,"February 9, 2026"
Big Hug,Thinking of our last chat. You have such a beautiful soul.,Anchorage,Alaska,"February 9, 2026"
High Five,Thanks for the assist on that project. You're a legend!,Portland,Maine,"February 9, 2026"
